Cassian,1970-01-16T18:18:03
Vyrnesse,1970-01-25T19:53:26
Barclay,1970-01-31T19:35:20
Quashaun,1970-02-13T00:00:05
Cayto,1970-03-18T05:02:06
Nevea,1970-04-03T03:39:17
Ragya,1970-04-26T18:19:42
Uzia,1970-05-15T19:26:12
Ianthe,1970-05-21T21:56:35
Honeah,1970-07-18T22:24:53
Zilvia,1970-08-01T05:59:24
Gershom,1970-08-06T04:11:03
Bancroft,1970-08-17T02:14:17
Pritha,1970-09-06T12:54:38
Octavian,1970-11-01T14:27:55
Hollei,1970-11-23T09:38:57
Caz,1970-12-12T14:44:25
Florie,1970-12-14T15:16:16
Abilard,1971-01-05T02:44:35
Pru,1971-01-09T15:28:15
Banzan,1971-01-29T17:38:38
Uzziel,1971-02-26T02:37:10
Abel,1971-02-26T04:18:34
Emrys,1971-03-17T19:09:59
Oakleigh,1971-03-19T05:43:56
Quantae,1971-03-19T14:51:41
Quashaan,1971-03-28T09:20:53
Emet,1971-04-01T17:08:48
Fiorenza,1971-04-18T12:07:21
Iggy,1971-05-09T00:08:42
Flavia,1971-05-15T11:44:03
Pritha,1971-05-17T15:08:34
Baptysta,1971-05-25T12:14:24
Giacobo,1971-05-26T22:37:31
Woodward,1971-06-01T08:58:28
Rachael,1971-06-03T12:21:51
Tanie,1971-06-06T00:22:20
Hong,1971-08-12T01:02:00
Emil,1971-08-16T12:38:01
Giaffar,1971-08-16T18:21:26
Giacobo,1971-08-21T06:57:20
Sarkis,1971-08-22T18:21:16
Barber,1971-08-29T13:19:25
Zillah,1971-09-13T02:06:59
Lamees,1971-09-21T01:40:49
Octavio,1971-09-24T00:02:20
Cedrych,1971-10-11T15:14:46
Urvan,1971-10-24T16:40:25
Casimiro,1971-11-15T08:58:12
Fonda,1971-11-24T17:16:46
Baldier,1971-12-12T11:08:01
Taraneh,1971-12-14T13:19:31
Mans,1972-01-07T07:39:49
Tangia,1972-01-13T23:27:22
Danielo,1972-02-25T12:33:45
Hollyse,1972-03-20T13:48:00
Santosh,1972-03-31T12:00:02
Holless,1972-04-07T17:48:29
Octha,1972-04-09T20:28:56
Quaashie,1972-04-21T05:37:15
Yurko,1972-05-09T19:20:23
Quade,1972-05-13T10:31:26
Priya,1972-05-31T08:26:09
Cassio,1972-05-31T15:08:55
Balerd,1972-06-14T04:51:13
Tannesha,1972-07-07T06:07:12
Oceane,1972-07-13T00:54:44
Wulfstan,1972-08-07T09:06:03
Zerlinda,1972-08-17T14:28:09
Oceane,1972-08-30T22:20:28
Danton,1972-09-02T12:36:52
Yunus,1972-10-14T16:02:39
Emmot,1972-10-28T02:21:39
Quashaan,1972-11-11T03:32:47
Flor,1972-11-12T23:26:00
Kameren,1972-11-25T20:35:16
Manuel,1972-12-19T13:36:12
Mansukh,1972-12-21T02:52:35
Aaron,1972-12-30T12:01:03
Manual,1973-01-14T09:38:04
Engelbert,1973-01-20T09:37:11
Nhi,1973-02-20T15:18:02
Gianne,1973-03-25T12:49:24
Octavian,1973-03-29T15:42:25
Ziarre,1973-04-04T10:48:12
Ghazi,1973-06-27T21:33:24
Abdulaziz,1973-07-01T01:28:42
Xantha,1973-09-06T10:20:21
Yoseff,1973-11-17T13:57:13
York,1973-11-22T00:58:10
Rainell,1973-11-24T23:10:37
Baptysta,1973-11-29T02:07:48
Ballinamore,1973-12-12T18:18:23
Baldur,1973-12-14T12:28:02
Abbey,1973-12-31T04:20:25
Ignac,1974-01-01T03:20:08
Zinnya,1974-02-14T02:46:13
Danatay,1974-03-15T02:28:32
Saraphim,1974-04-13T14:41:05
Yukio,1974-04-15T16:42:53
Ziazan,1974-05-18T02:09:46
Holeah,1974-05-30T20:23:37
Emory,1974-06-02T13:01:29
Zerdali,1974-07-11T22:31:33
Emmerson,1974-08-13T06:47:00
Dandre,1974-08-30T08:18:59
Abie,1974-09-20T01:13:43
Flavienne,1974-10-17T08:46:37
Fleur,1974-10-24T13:08:31
Kardal,1974-11-03T13:21:25
Florie,1974-11-09T23:55:47
Gervayse,1974-11-11T05:09:26
Priti,1974-11-23T03:35:53
Woodis,1974-11-27T08:08:08
Danilo,1975-02-19T04:44:35
Taree,1975-02-27T09:17:23
Sandy,1975-03-15T09:39:37
Emris,1975-03-23T22:33:21
Fleurett,1975-03-28T23:37:13
Aaronn,1975-04-09T08:14:23
Santosh,1975-05-03T02:04:37
Gervaso,1975-05-09T02:12:48
Jahmela,1975-05-20T13:54:06
Xandria,1975-06-14T09:23:42
Cavan,1975-08-03T14:05:40
Manuale,1975-08-07T20:34:27
Abe,1975-08-27T03:36:39
Idreus,1975-09-03T06:15:00
Abbas,1975-09-07T07:44:46
Cayce,1975-09-18T21:51:25
Manuelo,1975-10-08T12:14:07
Quannel,1975-10-14T13:58:32
Jaime,1975-10-27T19:19:28
Idris,1975-11-20T12:43:29
Balduf,1975-11-22T11:39:06
Ragya,1975-12-05T18:57:09
Dana,1975-12-30T12:50:10
Ignacey,1976-03-01T04:43:53
Danna,1976-03-11T10:17:53
Florettah,1976-03-15T08:09:13
Yonatan,1976-03-20T12:19:25
Abijah,1976-04-03T03:40:53
Flannerey,1976-05-09T19:53:07
Jahmil,1976-06-21T04:46:59
Octavius,1976-07-24T07:18:20
Giancarlo,1976-08-14T08:44:59
Gershon,1976-08-30T09:05:09
Florida,1976-09-02T22:57:48
Yunis,1976-09-13T18:05:02
Yule,1976-09-27T14:31:38
Dant,1976-10-23T10:58:11
Oakes,1976-12-16T08:33:52
Ab,1976-12-16T20:56:17
Banji,1977-01-01T18:59:25
Tanzi,1977-01-25T07:12:43
Emric,1977-01-28T20:53:47
Gervaso,1977-02-05T15:14:18
Danni,1977-02-14T01:45:33
Yuma,1977-02-17T04:12:45
Dandrae,1977-03-03T08:57:46
Xanth,1977-04-16T07:18:47
Sandor,1977-05-10T17:05:55
Zephath,1977-09-11T10:40:55
Danielius,1977-09-23T03:19:33
Ballad,1977-09-23T08:55:00
Manoel,1977-10-23T08:37:55
Xylona,1977-11-13T13:56:55
Kareem,1977-11-30T06:42:28
Giaco,1977-12-01T00:41:44
Caycey,1978-01-05T04:01:13
Ialo,1978-01-13T05:22:43
Ban,1978-02-27T14:00:18
Flanneree,1978-03-12T08:28:31
Satyavrat,1978-04-03T19:44:28
Idres,1978-04-04T03:11:35
Xanthie,1978-05-01T21:02:39
Zilla,1978-07-12T18:59:15
Quelatikan,1978-08-18T00:04:53
Daniell,1978-09-10T01:49:43
Princessa,1978-09-15T06:52:22
Vyoma,1978-11-02T00:22:54
Yukio,1979-01-26T02:53:12
Abalard,1979-02-03T02:05:16
Ghian,1979-02-20T02:59:56
Abby,1979-04-04T17:14:57
Holles,1979-04-11T22:25:40
Ghino,1979-06-20T16:49:03
Yonah,1979-06-23T13:14:58
Ragya,1979-08-31T17:40:27
Hollei,1979-10-14T23:00:37
Hollye,1979-11-04T12:02:37
Cassius,1979-11-09T01:09:42
Priyam,1979-12-19T04:45:37
Oakley,1979-12-23T04:04:22
Zina,1980-01-18T06:30:35
Uzoma,1980-01-21T09:21:51
Ibraheem,1980-01-23T21:18:31
Woolsey,1980-01-28T15:10:29
Yunus,1980-01-31T04:30:59
Gervasius,1980-02-17T16:08:58
Oceane,1980-04-14T07:33:07
Hollyss,1980-04-19T18:48:09
Kardal,1980-05-09T08:49:34
Abdulaziz,1980-05-12T23:37:00
Balduf,1980-05-27T09:00:00
Octavia,1980-05-30T11:32:00
Manus,1980-06-03T16:48:11
Santosh,1980-07-04T04:46:30
Catch,1980-08-16T00:43:55
Baldhere,1980-08-28T08:01:32
Uttam,1980-10-27T03:37:17
Dandrae,1980-11-02T03:30:06
Dannick,1980-12-31T11:30:44
Cathan,1981-01-02T13:15:01
Nevina,1981-01-17T19:50:18
Urvene,1981-02-12T22:26:24
Sansone,1981-04-12T05:29:04
Zinaida,1981-05-09T12:44:16
Tanaya,1981-06-01T15:36:15
Abboid,1981-06-12T21:18:49
Quashawn,1981-06-23T10:53:51
Iantha,1981-08-27T12:54:13
Banji,1981-08-27T21:38:30
Kame,1981-09-30T16:03:42
Mansoor,1981-10-29T14:32:48
Nevada,1981-10-31T13:39:03
Kamadev,1981-11-08T21:22:33
Gervaso,1981-11-28T19:00:47
Taniel,1981-12-30T03:00:47
Tangia,1981-12-30T15:01:50
Flouretta,1982-01-10T23:18:02
Cassian,1982-02-10T10:53:03
Raina,1982-03-04T23:41:18
Priti,1982-03-16T02:10:41
Jahmylla,1982-03-17T07:20:23
Giannos,1982-03-24T04:34:21
Prissy,1982-04-16T02:07:01
Cassio,1982-04-23T02:36:24
Able,1982-05-10T08:21:50
Jaili,1982-05-11T13:51:19
Caspar,1982-05-14T23:30:22
Lakeshia,1982-05-15T23:57:16
Ianthe,1982-05-18T00:05:57
Raileigh,1982-06-06T13:48:28
Ziah,1982-08-16T07:25:49
Youssel,1982-09-21T07:25:25
Prisca,1982-10-30T21:21:45
Bane,1982-11-01T00:44:13
Quaddus,1982-11-27T03:56:17
Balyn,1983-01-18T23:12:10
Ursan,1983-01-28T10:20:21
Neysa,1983-02-12T16:09:26
Dannial,1983-02-23T18:02:18
Bankroft,1983-02-26T11:25:05
Kame,1983-03-11T14:54:30
Cedrick,1983-04-02T01:55:41
Cedar,1983-04-18T16:30:40
Danno,1983-08-25T10:35:21
Kamon,1983-08-30T00:00:58
Utatci,1983-11-07T21:14:31
Balyn,1984-01-11T10:48:34
Prunella,1984-02-20T11:12:08
Ghadir,1984-06-02T06:14:57
Urvano,1984-07-07T19:50:04
Nevita,1984-09-06T23:02:32
Bancrofft,1984-09-15T21:24:09
Zia,1984-10-30T15:58:42
Holliss,1984-12-04T21:09:49
Balthazar,1985-01-17T17:18:07
Manzo,1985-01-28T10:46:24
Iacovo,1985-02-09T03:39:22
Honiah,1985-02-15T00:30:20
Taniel,1985-02-19T05:29:23
Tanie,1985-03-22T19:49:02
Vyoma,1985-04-24T16:10:26
Yoshifumi,1985-04-27T20:32:42
Honalee,1985-05-10T04:24:24
Karel,1985-05-29T00:49:12
Tandice,1985-06-24T01:06:28
Floah,1985-07-08T14:28:33
Cedrick,1985-07-17T14:14:50
Manoj,1985-08-11T11:48:37
Uzoma,1985-08-18T23:47:36
Quelatikan,1985-09-06T16:36:59
Abhay,1985-09-19T11:29:52
Xalbadora,1985-10-24T10:32:21
Danika,1985-11-28T02:03:07
Tanushi,1985-12-01T16:17:50
Flavien,1985-12-18T20:20:13
Zinnya,1986-02-01T08:17:39
Fonda,1986-02-08T04:49:17
Floryn,1986-02-24T10:47:36
Jahmi,1986-02-26T02:22:37
Sandor,1986-03-16T05:01:56
Kamron,1986-05-06T08:14:04
Lakeshia,1986-05-12T17:09:19
Wulfnoth,1986-06-15T15:30:57
Aberham,1986-06-19T16:38:44
Prissy,1986-06-24T07:32:34
Holy,1986-06-24T14:58:03
Tarangini,1986-08-10T01:15:34
Emilio,1986-08-22T11:29:02
Princessa,1986-10-06T14:37:03
Ballard,1986-12-06T19:51:05
Florence,1987-01-02T06:00:30
Banzan,1987-01-03T11:45:41
Emmott,1987-01-24T01:50:40
Mans,1987-01-28T08:31:34
Holleigh,1987-01-31T11:04:01
Tanya,1987-02-08T12:16:20
Abalard,1987-02-20T11:50:12
Flannerie,1987-03-01T18:27:56
Quaashie,1987-03-23T02:47:07
Wulfsige,1987-03-30T14:59:55
Zilla,1987-07-05T15:36:40
Jahlia,1987-07-20T01:27:44
Lakshmi,1987-07-23T21:31:06
Abhiram,1987-08-12T08:22:33
Cass,1987-10-02T18:27:42
Gerzon,1988-02-16T10:27:55
Manuelo,1988-02-23T11:13:39
Prunella,1988-03-10T09:01:01
Mansfeld,1988-03-14T03:32:20
Pyhrrha,1988-03-24T01:45:51
Emile,1988-04-14T16:15:17
Banbrigge,1988-04-28T21:44:01
Nhi,1988-05-14T04:47:36
Quantay,1988-05-14T23:04:08
Fleuretta,1988-05-16T01:09:50
Emmory,1988-05-26T03:58:48
Danilo,1988-06-07T14:23:51
Zilvia,1988-06-09T12:07:23
Tarjani,1988-07-01T16:52:17
Sareeq,1988-07-25T05:39:18
Aarin,1988-09-08T07:32:22
Tanish,1988-09-10T11:04:02
Gian,1988-09-24T10:36:56
Lakisha,1988-09-29T08:18:23
Satyavrat,1988-10-04T04:15:28
Jahmey,1988-10-10T03:02:54
Giacopo,1988-10-23T14:04:13
Xylina,1988-11-17T08:16:19
Giani,1988-12-13T18:18:01
Pythia,1988-12-21T08:37:02
Balthazar,1988-12-31T05:33:15
Danniele,1989-01-13T20:44:25
Jadwiga,1989-03-13T09:55:44
Nhu,1989-03-13T10:34:18
Flossie,1989-03-24T09:38:30
Baldwyn,1989-05-07T03:44:59
Kamillo,1989-05-18T17:12:32
Saraphim,1989-06-01T18:32:00
Dantay,1989-06-02T00:28:29
Sandro,1989-06-10T12:39:37
Emrys,1989-06-16T20:59:51
Honee,1989-06-17T10:44:02
Honi,1989-06-22T06:38:31
Baltazar,1989-06-24T20:43:01
Yudall,1989-06-28T06:35:01
Emmory,1989-08-05T08:51:28
Gian,1989-08-13T03:25:12
Ziah,1989-09-08T09:51:14
Ursan,1989-09-10T04:00:37
Honestie,1989-09-25T15:19:30
Kamlesh,1989-09-29T05:23:43
Gervaise,1989-10-18T12:43:59
Ragnhilde,1989-10-27T06:05:18
Danyck,1989-10-28T10:08:49
Castorio,1989-11-15T01:15:33
Kamrey,1989-11-17T00:07:38
Sandy,1989-11-19T09:04:29
Catcher,1989-12-11T07:27:40
Danieko,1989-12-11T09:07:27
Wulfnoth,1989-12-23T22:26:54
Flannery,1990-02-04T20:41:05
Manoel,1990-02-21T00:06:12
Octha,1990-02-24T13:40:31
Flannerie,1990-02-27T04:08:49
Emlen,1990-04-21T03:06:29
Danatay,1990-04-29T15:53:45
Giacobo,1990-05-02T23:06:03
Tanu,1990-05-05T18:25:32
Nevedah,1990-05-20T01:58:04
Emmot,1990-05-23T06:56:13
Abhay,1990-05-25T08:02:44
Flower,1990-05-28T00:34:12
Honi,1990-06-15T04:56:33
Zequinha,1990-07-07T20:08:51
Quannel,1990-08-11T04:17:00
Raelyn,1990-09-03T23:07:18
Gianny,1990-09-11T23:50:33
Uzziah,1990-10-09T11:27:24
Danniell,1990-10-27T10:03:01
Ziahon,1990-11-22T04:58:46
Fondah,1990-11-22T20:42:41
Yu,1990-11-23T10:58:24
Idys,1990-12-24T09:05:45
Xandria,1991-01-22T18:23:14
Quan,1991-01-28T04:03:34
Kamrin,1991-02-04T06:43:46
Sankara,1991-03-04T16:21:02
Jailey,1991-03-10T20:07:44
Bancrofft,1991-03-28T00:07:18
Danton,1991-03-30T10:05:32
Yonatan,1991-04-09T22:36:32
Iakovs,1991-04-27T19:31:44
Banagher,1991-05-20T04:32:35
Baltasar,1991-05-20T06:26:01
Ochen,1991-06-11T12:45:35
Sargeant,1991-06-12T09:06:20
Danieal,1991-06-19T21:18:18
Karcher,1991-07-29T23:05:04
Priyasha,1991-08-09T20:26:16
Iakobos,1991-08-30T22:53:00
Danyck,1991-10-08T12:03:02
Emrys,1991-10-28T12:52:36
Ballard,1991-11-08T01:02:50
Emeric,1991-11-12T22:31:07
Aaron,1992-01-03T21:20:25
Florie,1992-01-21T11:34:40
Zeporah,1992-03-08T05:47:55
Yohann,1992-03-20T20:53:53
Woodward,1992-03-21T02:53:26
Pythia,1992-03-27T09:34:07
Ibraheim,1992-04-17T07:21:09
Baptiste,1992-05-19T22:46:57
Sandy,1992-05-22T16:11:51
Idriss,1992-06-01T06:14:36
Urvine,1992-06-01T20:31:39
Zilpha,1992-07-01T17:06:46
Bama,1992-07-28T08:39:26
Ignacius,1992-08-20T14:56:45
Utatci,1992-10-25T15:44:12
Iakobos,1992-11-15T13:08:52
Mans,1992-12-14T03:40:32
Honig,1993-01-26T01:53:41
Baldr,1993-01-31T23:36:49
Xavière,1993-02-07T03:21:11
Nevada,1993-02-17T04:25:13
Holless,1993-03-27T15:28:14
Taraneh,1993-04-03T17:36:46
Zilah,1993-04-18T14:13:25
Ibraheem,1993-05-18T20:56:50
Emyrson,1993-06-20T09:16:33
Yoshifumi,1993-07-13T13:26:52
Caster,1993-08-02T11:58:06
Tangee,1993-09-05T00:04:01
Raeann,1993-09-28T14:16:16
Abell,1993-10-04T07:40:10
Octavus,1993-10-08T02:42:00
Oceanus,1993-11-20T11:06:04
Honea,1993-11-25T21:07:51
Nevita,1993-12-05T03:49:01
Rainbeau,1993-12-23T18:54:07
Firne,1994-01-27T07:34:37
Aamir,1994-02-22T15:08:22
Danil,1994-02-28T20:28:49
Danna,1994-03-02T05:13:44
Bancrofft,1994-03-17T05:33:48
Zi,1994-03-21T00:00:07
Karcher,1994-03-21T17:27:14
Sarasvan,1994-04-13T00:13:01
Emmanuel,1994-05-19T09:39:02
Danielson,1994-06-30T01:20:44
Priyata,1994-07-09T00:07:20
Taria,1994-08-28T15:27:50
Sarngin,1994-09-15T14:31:26
Iago,1994-09-20T06:31:12
Yoseff,1994-10-17T00:18:43
Emyrson,1994-10-27T00:38:57
Vyomika,1994-12-21T15:13:56
Florie,1995-01-11T00:27:14
Emlen,1995-01-30T18:05:00
Emil,1995-04-02T17:37:36
Zilah,1995-04-03T06:54:28
Iakovs,1995-04-10T01:46:33
Holeah,1995-06-19T21:46:33
Satrujit,1995-06-26T18:45:49
Uziya,1995-07-20T22:01:09
Mansukh,1995-09-10T03:46:39
Danielius,1995-09-28T00:42:20
Flanneree,1995-10-11T10:13:52
Abhor,1995-10-14T05:08:47
Emery,1995-10-27T12:21:22
Karcher,1995-11-17T13:19:15
Ibrahaim,1996-01-13T16:23:10
Flossie,1996-01-30T15:31:01
Floris,1996-02-19T09:56:05
Yurko,1996-02-24T04:26:12
Zinnya,1996-02-29T15:29:07
Ragnhilde,1996-05-05T22:20:31
Kamilo,1996-05-16T07:41:25
Idriece,1996-05-24T03:48:56
Abner,1996-06-25T20:32:42
Ballentine,1996-07-15T04:30:05
Tangia,1996-09-08T08:08:11
Giacobbe,1996-09-10T07:39:00
Xylona,1996-09-21T04:00:57
Dandre,1996-09-22T06:19:22
Honestee,1996-09-25T21:16:52
Xandria,1996-10-31T00:53:10
Utatci,1996-11-04T14:41:22
Xavière,1996-11-06T20:52:12
Banzan,1996-11-19T21:04:20
Lama,1996-12-20T23:42:06
Kamilo,1997-01-03T22:06:26
Quaronne,1997-02-19T06:11:46
Jadviga,1997-03-15T02:06:33
Wulfnoth,1997-03-16T15:01:27
Jadwiga,1997-05-02T05:02:21
Vyomika,1997-06-13T08:24:18
Woodruff,1997-07-22T20:47:43
Catcher,1997-07-31T15:22:46
Baldur,1997-08-16T04:04:04
Nettie,1997-08-22T16:19:52
Abie,1997-09-01T10:43:05
Woodrow,1997-09-10T13:47:03
Flora,1997-09-15T22:41:17
Aaren,1997-10-05T13:01:59
Idriece,1997-10-19T14:02:29
Floris,1998-02-08T00:51:24
Idris,1998-02-16T20:50:38
Caydin,1998-02-24T21:18:36
Holles,1998-03-07T14:09:18
Emric,1998-03-15T16:20:10
Ballentine,1998-03-17T19:19:51
Sarasvan,1998-03-31T21:30:08
Hollice,1998-04-14T11:15:02
Balyn,1998-07-06T06:29:30
Giani,1998-08-10T21:12:15
Ballerd,1998-08-16T16:06:17
Nettie,1998-08-18T09:05:21
Danielius,1998-09-18T05:35:29
Kamlesh,1998-11-04T09:56:15
Floretta,1998-11-13T23:09:21
Yogesh,1998-11-19T11:19:58
Honesty,1998-11-27T11:07:18
Yongvar,1998-12-21T08:49:04
Bali,1999-01-01T15:07:45
Banko,1999-01-24T02:03:46
Zinnya,1999-03-18T13:33:12
Yonatan,1999-03-21T09:15:59
Gervis,1999-04-03T23:27:34
Balerd,1999-04-19T16:28:02
Jahmylla,1999-04-30T02:20:32
Jahlia,1999-05-29T05:02:59
Idris,1999-06-03T09:51:12
Idress,1999-06-21T16:56:09
Floria,1999-06-29T13:48:18
Cedrik,1999-07-01T14:14:00
Ibrahiim,1999-07-29T12:48:53
Yunus,1999-08-03T06:22:41
Sandy,1999-08-09T04:22:10
Wulfhere,1999-08-13T00:35:08
Iain,1999-09-21T06:46:48
Emeril,1999-11-05T05:12:39
Emile,1999-12-24T06:24:33
Manoel,2000-01-05T10:50:12
Uthman,2000-01-10T02:54:01
Prue,2000-02-11T23:18:22
Nevaeh,2000-04-01T03:55:15
Idys,2000-04-04T12:59:51
Danno,2000-04-08T18:58:26
Nevala,2000-06-17T12:27:37
Daniyal,2000-06-18T09:38:19
Yudhajit,2000-06-19T10:02:36
Taniyah,2000-07-15T18:05:20
Abban,2000-08-05T10:15:28
Floria,2000-08-05T11:06:08
Giani,2000-08-10T03:00:11
Hollice,2000-08-12T10:24:44
Emyrson,2000-08-17T07:06:39
Daniels,2000-09-02T16:57:18
Tania,2000-09-03T06:12:54
Flawya,2000-10-03T05:00:43
Emmott,2000-10-28T22:59:39
Barchiel,2000-11-02T18:29:59
Flourette,2000-12-15T10:02:23
Ballinamore,2001-01-10T03:15:36
Manuelo,2001-02-03T01:46:33
Hollice,2001-03-21T05:33:34
Nevaeh,2001-04-21T05:42:22
Urvano,2001-05-24T17:54:18
Idrees,2001-05-28T02:02:29
Tannesha,2001-06-15T22:55:30
Ghian,2001-06-20T01:09:54
Ialo,2001-08-27T19:16:35
Santos,2001-08-30T02:51:44
Xanthie,2001-10-12T12:51:39
Ib,2001-11-12T22:57:25
Ballinamore,2001-11-21T00:07:06
Yotimo,2001-11-29T18:51:18
Cecero,2001-12-05T16:04:10
Aarron,2001-12-15T16:16:03
Gibby,2001-12-19T09:09:13
Baltsaros,2001-12-31T13:28:18
Celsius,2002-01-23T02:51:32
Ibrahaim,2002-02-07T13:13:37
Jahmeala,2002-02-20T13:41:30
Honesty,2002-03-13T03:47:19
Octavus,2002-03-15T21:21:06
Sareek,2002-04-28T10:09:14
Baltasar,2002-05-16T05:04:09
Rainbow,2002-05-17T05:09:11
Tariana,2002-06-03T08:59:44
Gervais,2002-07-01T19:26:05
Uzia,2002-08-02T08:16:13
Iantha,2002-08-05T07:04:19
Zinoah,2002-08-07T13:07:42
Emil,2002-09-01T00:23:01
Emrys,2002-09-09T14:01:58
Aamer,2002-10-11T20:37:15
Kamlesh,2002-10-18T17:51:40
Gershawn,2002-10-22T04:45:12
Sarngin,2002-10-26T11:15:36
Qabil,2002-11-21T00:38:02
Tangia,2003-01-27T23:41:50
Kamilo,2003-02-20T01:41:53
Holissah,2003-03-02T08:34:53
Fleurett,2003-03-12T14:47:01
Quaid,2003-03-19T02:53:08
Abell,2003-05-04T15:35:47
Hollei,2003-05-04T17:28:35
Casmire,2003-05-21T14:28:57
Holeah,2003-08-08T05:26:35
Vyrnesse,2003-09-29T20:30:32
Fondah,2003-09-30T05:33:41
Urson,2003-10-12T22:40:41
Jaili,2003-10-22T01:47:10
Iakovs,2003-10-30T10:13:00
Yuan,2003-11-03T20:02:42
Gerson,2003-11-08T20:13:30
Karee,2003-11-13T08:54:24
Giacopo,2003-11-19T06:41:45
Kardos,2003-11-21T23:08:22
Uziya,2003-12-06T22:54:49
Flanneri,2003-12-23T23:50:27
Manuale,2003-12-29T22:25:38
Lakin,2004-01-05T04:22:31
Flossie,2004-01-21T12:03:22
Caydin,2004-02-06T06:27:18
Tanaya,2004-02-26T13:31:05
Giaffar,2004-03-06T10:18:43
Castor,2004-04-01T10:18:48
Wulfsige,2004-04-25T03:13:34
Woodward,2004-05-13T02:43:57
Jadviga,2004-06-19T21:43:54
Caymun,2004-07-21T12:31:48
Emett,2004-07-31T21:59:46
Uziah,2004-08-21T17:07:28
Sandro,2004-09-12T11:26:38
Ignace,2004-09-19T05:24:42
Ghazi,2004-10-24T01:54:27
Abboid,2004-12-12T22:07:47
Neziko,2005-01-19T03:51:41
Honalee,2005-01-31T03:27:18
Oakes,2005-02-01T11:51:33
Dane,2005-02-03T15:11:42
Abby,2005-02-18T20:33:16
Qadim,2005-02-24T00:28:10
Uzziel,2005-03-11T15:04:58
Zinah,2005-05-19T18:17:00
Zinia,2005-06-06T00:49:59
Abhor,2005-07-01T04:56:58
Honni,2005-08-08T20:45:08
Emelen,2005-09-06T05:34:00
Ursan,2005-10-09T17:53:15
Wulfnoth,2005-11-04T08:57:30
Cathan,2005-11-25T21:14:00
Sanjeev,2005-12-17T00:45:20
Kamrey,2006-01-12T16:34:17
Quaashie,2006-02-19T13:46:33
Giacobo,2006-03-06T00:31:29
Kaori,2006-03-09T23:40:32
Jaia,2006-03-14T15:49:49
Kammeron,2006-03-26T15:16:20
Manzo,2006-04-01T23:20:41
Caton,2006-04-18T12:45:36
Zeredah,2006-04-28T16:35:26
Rachael,2006-05-28T17:29:44
Yoseph,2006-06-13T14:54:59
Nevala,2006-08-14T02:17:19
Quashaun,2006-10-17T01:52:35
Barchiel,2006-11-05T11:00:50
Tannesha,2006-11-21T19:31:25
Octavus,2006-12-10T18:55:57
Catch,2007-02-15T22:58:33
Sanjeev,2007-02-26T20:32:01
Yosayf,2007-02-27T03:18:23
Dannial,2007-03-03T21:18:11
Ghino,2007-03-10T03:12:33
Giaffar,2007-03-21T09:01:25
Dandre,2007-04-25T00:37:21
Nevedah,2007-05-25T17:09:56
Holeah,2007-06-06T03:28:09
Jahmyla,2007-06-08T04:14:50
Giacobo,2007-06-21T21:41:54
Baldhere,2007-07-27T18:19:31
Emilianus,2007-08-02T01:57:04
Zigana,2007-08-05T01:09:47
Lama,2007-09-02T15:12:07
Emmyrson,2007-09-10T15:47:23
Honnor,2007-10-30T20:45:40
Utatci,2007-11-18T14:16:54
Ibraham,2007-11-27T13:36:53
Gianetto,2007-12-15T05:31:24
Lakeshia,2007-12-20T11:23:52
Abhijit,2007-12-24T18:10:22
Caulder,2008-01-01T20:49:55
Nevita,2008-01-15T04:17:24
Prudence,2008-01-20T20:20:41
Emilion,2008-02-04T02:35:46
Jaiah,2008-02-23T16:19:45
Quade,2008-02-24T01:15:10
Barclay,2008-03-01T22:18:39
Dantee,2008-03-02T01:59:51
Sarngin,2008-03-16T23:40:27
Baldier,2008-03-21T19:40:42
Manu,2008-03-24T10:21:24
Ianthe,2008-04-16T05:47:58
Tariana,2008-05-23T06:56:08
Danieko,2008-06-17T13:15:04
Pritha,2008-07-11T20:29:52
Idriece,2008-07-30T21:20:22
Uttam,2008-08-25T11:54:51
Casius,2008-08-29T17:20:55
Zethel,2008-09-15T14:21:01
Holliss,2008-09-18T12:53:51
Zinah,2008-09-30T22:04:25
Abba,2008-10-09T12:37:42
Ignado,2008-10-14T10:06:54
Emelen,2008-11-15T00:18:36
Baltazar,2008-11-19T12:28:45
Ballentine,2008-11-28T07:01:54
Cassian,2008-11-30T04:25:08
Balthazar,2008-12-31T03:51:31
Yule,2008-12-31T09:03:26
Lakezia,2009-01-08T23:23:12
Tanie,2009-01-26T14:59:16
Aaran,2009-03-23T18:32:08
Barbour,2009-03-25T10:52:21
Saturnino,2009-04-04T21:00:26
Prissy,2009-04-26T05:51:09
Icharus,2009-04-30T09:35:22
Xandra,2009-05-04T06:56:49
Gery,2009-05-10T11:28:57
Caulder,2009-05-24T11:37:47
Fleure,2009-05-30T01:36:09
Emris,2009-06-02T08:34:38
Barber,2009-06-05T03:55:53
Baltazar,2009-06-30T04:46:05
Gianncarlo,2009-06-30T08:34:46
Neviah,2009-08-08T06:53:39
Cedro,2009-09-12T08:25:16
Ballentine,2009-09-22T16:26:41
Honiah,2009-10-01T01:09:19
Kameron,2009-10-21T08:44:11
Xantha,2009-11-18T07:31:44
Ragnhild,2009-11-20T07:26:10
Giannos,2009-12-07T12:32:17
Ceirnin,2009-12-12T04:38:19
Emelio,2010-01-08T03:30:50
Tarala,2010-04-05T17:10:14
Lakin,2010-04-15T07:03:23
Dante,2010-04-17T14:55:38
Dannial,2010-05-04T10:28:53
Honestie,2010-05-14T01:50:28
Flora,2010-05-23T23:40:16
Raelyn,2010-06-27T21:09:36
Damyyn,2010-07-06T17:57:43
Giannos,2010-07-14T18:45:25
Flo,2010-08-04T20:31:07
Emerick,2010-09-11T08:24:22
Flory,2010-10-06T13:57:21
Gervis,2010-10-22T02:00:13
Emery,2011-01-05T04:38:44
Ziah,2011-01-12T18:20:04
Honalee,2011-01-14T02:22:40
Flavianna,2011-03-05T12:13:36
Flouretta,2011-03-20T13:10:01
Honestey,2011-04-11T09:26:50
Flory,2011-05-01T08:46:46
Wood,2011-08-04T16:02:59
Zeta,2011-09-17T20:49:10
Yousef,2011-10-07T18:43:16
Taraneh,2011-11-17T23:04:45
Emett,2011-11-26T03:40:53
Giannes,2011-12-11T03:07:21
Florette,2012-01-11T17:12:30
Hollys,2012-01-22T13:13:02
Yogesh,2012-03-03T19:08:16
Yoshifumi,2012-03-04T13:13:19
Florida,2012-03-04T15:42:01
Ignacio,2012-03-06T12:10:22
Uzziel,2012-03-14T23:56:38
Abelardo,2012-04-14T05:15:25
Ignado,2012-04-29T01:13:54
Honalee,2012-05-12T14:22:13
Ballentine,2012-05-16T16:53:58
Fleurettah,2012-05-23T04:34:40
Abhiram,2012-07-17T23:59:47
Laksha,2012-07-28T16:12:28
Xanthie,2012-07-30T17:27:02
Barclae,2012-10-08T05:44:11
Jahlie,2012-10-23T06:23:44
Kambrel,2013-01-28T10:06:42
Fonda,2013-02-11T14:30:27
Vylhelmina,2013-03-29T01:03:41
Xaviera,2013-03-31T15:40:39
Qadir,2013-05-04T23:18:03
Jaimie,2013-05-12T09:57:38
Ballinamore,2013-05-16T17:10:08
Vyrnesse,2013-06-02T22:08:28
Octavus,2013-07-02T20:56:54
Emiliano,2013-07-28T03:15:57
Barber,2013-08-05T06:49:54
Casius,2013-09-05T05:59:31
Kamon,2013-09-28T01:50:04
Aaryn,2013-09-30T01:40:17
Cayden,2013-10-01T14:44:30
Ghian,2013-10-03T09:00:59
Emiliano,2013-10-21T15:29:32
Iane,2013-11-04T16:24:34
Raanana,2013-11-16T01:29:40
Icarus,2014-01-04T15:30:23
Iakovos,2014-01-08T21:17:17
Cayman,2014-01-25T13:54:37
Ragnhilda,2014-01-30T17:34:13
Honor,2014-02-03T07:12:47
Flora,2014-02-11T15:23:54
Ziazan,2014-03-10T10:08:12
Qasim,2014-03-13T09:28:42
Casimiro,2014-04-06T03:45:12
Honnee,2014-04-08T23:49:49
Nevina,2014-04-14T15:38:35
Honnea,2014-04-29T19:12:24
Youssel,2014-06-22T16:55:26
Abhijit,2014-08-28T09:28:13
Honig,2014-09-01T14:25:22
Dandray,2014-09-03T16:14:44
Lamees,2014-10-10T08:01:50
Gervasius,2014-10-21T18:01:16
Celesto,2014-11-18T20:03:16
Quashaan,2014-11-19T20:02:24
Quashy,2014-12-31T18:49:30
Geurson,2015-01-08T17:39:25
Gianney,2015-01-14T11:23:26
Yudall,2015-01-21T17:51:03
Urveen,2015-01-28T20:25:31
Baldur,2015-03-13T06:35:26
Holisah,2015-03-23T17:16:13
Florentia,2015-04-17T20:45:22
Octavius,2015-06-07T11:45:26
Yudhajit,2015-06-30T04:45:10
Ianthe,2015-07-01T09:19:47
Honnee,2015-08-20T18:48:18
Quaide,2015-09-01T01:21:56
Flossie,2015-10-20T14:40:18
Oakleigh,2015-10-28T10:24:31
Casimiro,2015-11-08T13:20:45
Danieal,2015-11-14T18:39:05
Prissy,2015-12-03T01:19:17
Hollyse,2016-01-01T06:26:54
Kamilo,2016-01-12T06:23:03
Jahmille,2016-01-16T19:56:03
Flaviah,2016-01-20T16:56:54
Danniele,2016-02-20T20:50:38
Taneya,2016-02-23T06:30:55
Ptolema,2016-03-05T23:07:34
Zeph,2016-03-08T19:33:29
Cedrick,2016-03-10T04:09:17
Sariq,2016-03-10T06:25:09
Jaimila,2016-03-29T11:21:35
Bancrofft,2016-04-15T10:09:06
Gibbes,2016-04-26T11:57:07
Daniell,2016-05-10T16:54:17
Priti,2016-05-18T21:34:29
Hollyse,2016-05-27T11:24:36
Priti,2016-05-27T11:49:20
Emmanouil,2016-06-19T12:15:36
Ignacius,2016-07-05T04:59:36
Fleurett,2016-09-06T06:34:55
Banagher,2016-09-30T16:11:21
Sargeant,2016-11-29T21:10:24
Yurik,2016-12-06T17:19:01
Cedrych,2017-02-24T03:23:03
Yuma,2017-02-27T01:34:49
Banke,2017-02-28T18:26:58
Abalard,2017-03-10T01:08:03
Worrin,2017-03-22T12:58:53
Quantay,2017-03-23T10:03:36
Ziazan,2017-03-30T16:12:15
Prisma,2017-04-25T00:56:55
Satchel,2017-04-27T03:57:03
Quenall,2017-05-07T14:54:27
Urvano,2017-05-13T13:21:22
Neveah,2017-05-21T21:20:14
Danatay,2017-05-31T19:55:21
Quaashie,2017-06-14T12:21:38
Flavien,2017-06-16T15:42:52
Danielo,2017-08-01T11:54:10
Baltasar,2017-08-08T16:28:04
Danny,2017-08-31T22:48:20
Barbaras,2017-09-06T21:32:25
Vyrnesse,2017-09-24T13:25:14
Flannery,2017-09-24T16:57:29
Aamir,2017-09-27T22:16:11
Caydon,2017-09-29T21:06:32
Dannick,2017-10-23T17:56:30
Jaimille,2017-10-31T15:10:54
Providence,2017-11-09T01:03:27
Yogesh,2018-01-03T17:30:59
Casmire,2018-02-18T20:52:14
Rain,2018-03-19T19:52:55
Emmitt,2018-05-12T23:21:29
Sanford,2018-05-19T12:12:59
Ballerd,2018-06-01T09:50:26
Holles,2018-06-09T20:29:43
Zilvia,2018-06-12T19:59:23
Emelio,2018-06-21T05:37:16
Jahlie,2018-06-27T14:31:42
Gianney,2018-06-29T06:15:10
Giannino,2018-07-01T21:01:48
Kareef,2018-08-06T14:36:58
Satrujit,2018-08-11T16:17:26
Holliss,2018-08-14T21:50:03
Emil,2018-08-31T00:04:03
Barabba,2018-10-29T23:34:17
Firne,2018-11-11T07:16:04
Neveah,2018-11-22T08:01:57
Gerson,2018-12-11T06:33:47
Casmir,2018-12-13T07:05:04
Aaryn,2019-01-03T06:38:00
Ibrahiim,2019-01-26T11:14:09
Neveah,2019-03-09T17:26:50
Urvil,2019-04-23T00:23:47
Kamillo,2019-05-03T04:56:14
Yousef,2019-05-22T17:45:16
Barclay,2019-05-28T00:29:29
Flannerie,2019-05-31T07:01:03
Princessa,2019-07-13T12:38:59
Abbey,2019-08-02T14:50:07
Florenz,2019-08-23T01:16:28
Oceana,2019-09-12T00:32:58
Emmanuel,2019-09-13T19:45:51
Baltazar,2019-09-18T17:39:27
Flannerey,2019-10-04T15:38:56
Gervasius,2019-10-06T03:36:29
Emilion,2019-12-01T14:30:56
Raelene,2019-12-15T23:43:27
Honiah,2019-12-28T23:47:50
Uzondu,2020-01-19T02:55:11
Aahron,2020-03-17T06:00:38
Danik,2020-04-14T23:42:57
Jahlia,2020-04-15T01:58:49
Zeta,2020-05-02T20:33:27
Casper,2020-05-14T17:13:06
Mans,2020-05-18T17:00:59
Flor,2020-05-24T17:35:05
Floah,2020-06-29T05:16:10
Princessa,2020-07-28T22:35:41
Danah,2020-08-18T05:12:55
Emmett,2020-10-06T13:27:01
Neveah,2020-11-25T20:21:58
Dannal,2020-12-25T02:42:22
Caydon,2021-03-24T23:47:30
Yudhajit,2021-04-17T10:03:22
Danieal,2021-04-18T02:02:44
Zinaida,2021-05-01T23:49:23
Emilyan,2021-05-08T19:11:29
Balthazzar,2021-05-21T00:57:59
Floryn,2021-05-30T07:08:34
Saturnino,2021-07-08T22:07:03
Lakyle,2021-07-17T05:33:00
Cedrych,2021-07-29T17:18:18
Celestino,2021-07-30T01:05:48
Caulder,2021-08-20T12:45:01
Ibraham,2021-09-01T14:56:05
Mansfield,2021-09-23T14:01:24
Rainell,2021-10-02T11:35:46
Santiago,2021-10-28T03:30:59
Yukioma,2021-11-12T16:48:17
Urvano,2022-02-11T11:49:33
Catcher,2022-03-02T15:28:37
Balerd,2022-03-15T08:38:46
Jailey,2022-03-27T00:25:05
Xanthe,2022-04-20T19:41:16
Xanth,2022-04-27T21:18:32
Bali,2022-05-17T00:40:06
Aban,2022-06-11T05:55:33
Taniyah,2022-07-18T14:05:07
Prissy,2022-07-21T23:44:46
Tanuja,2022-07-23T21:10:52
Abby,2022-07-24T16:19:42
Tarisai,2022-08-09T11:47:41
Emerick,2022-08-22T19:09:02
Idryss,2022-09-10T03:52:57
Youkeoma,2022-10-13T19:14:00
Providence,2022-10-24T15:28:20
Emlen,2022-10-28T04:42:47